author_id,content,region,language,publish_date,harvested_date,following,followers,updates,post_type,retweet
adele_brock,"Everyone sees what you appear to be, few experience what you really are.",United States,English,2015-07-03T10:11:00,2015-07-03T10:11:00,53.0000000000,58.0000000000,299.0000000000,,False
adele_brock,simply the funniest vid https://t.co/k43dA4q39q,United States,English,2015-07-03T10:12:00,2015-07-03T10:12:00,53.0000000000,58.0000000000,300.0000000000,,False
adele_brock,There is no such thing in anyone's life as an unimportant day.,United States,English,2015-07-03T10:28:00,2015-07-03T10:28:00,53.0000000000,58.0000000000,301.0000000000,,False
adele_brock,Gimme that choco bar and go away!,United States,English,2015-07-03T10:28:00,2015-07-03T10:29:00,53.0000000000,58.0000000000,303.0000000000,,False
adele_brock,He hoped and prayed that there wasn't an afterlife. Then he realized there was a contradiction involved here and merely hoped that,United States,English,2015-07-03T10:28:00,2015-07-03T10:28:00,53.0000000000,58.0000000000,302.0000000000,,False
adele_brock,It is the time you have wasted for your rose that makes your rose so important.,United States,English,2015-07-03T10:29:00,2015-07-03T10:29:00,53.0000000000,58.0000000000,305.0000000000,,False
adele_brock,pretty make-up http://t.co/e0ZFn5RF2n,United States,English,2015-07-03T10:29:00,2015-07-03T10:29:00,53.0000000000,58.0000000000,304.0000000000,,False
adele_brock,J Lo!! My queen!!! http://t.co/lmfj9bKvu1,United States,English,2015-07-03T10:30:00,2015-07-03T10:30:00,53.0000000000,58.0000000000,306.0000000000,,False
adele_brock,Not every Disney Princess lives happily ever after. This princess broke up with her prince in the second movie:,United States,English,2015-07-03T10:32:00,2015-07-03T10:33:00,53.0000000000,58.0000000000,308.0000000000,,False
adele_brock,https://t.co/dGstDiv15U so lovely!,United States,English,2015-07-03T10:32:00,2015-07-03T10:32:00,53.0000000000,58.0000000000,307.0000000000,,False
adele_brock,It is not in the stars to hold our destiny but in ourselves,United States,English,2015-07-03T10:35:00,2015-07-03T10:35:00,53.0000000000,58.0000000000,309.0000000000,,False
adele_brock,"I make wishes, I have dreams, and I still want to believe anything can happen in this world for an ordinary girl. –Hannah Montana",United States,English,2015-07-03T10:35:00,2015-07-03T10:35:00,53.0000000000,58.0000000000,310.0000000000,,False
adele_brock,"I may not be the best, but I`m definitely not like the rest",United States,English,2015-07-03T10:36:00,2015-07-03T10:36:00,53.0000000000,58.0000000000,311.0000000000,,False
adele_brock,Silence ALWAYS drives me crazy! https://t.co/DvITbN3mpA,United States,English,2015-07-03T10:36:00,2015-07-03T10:36:00,53.0000000000,58.0000000000,312.0000000000,,False
adele_brock,Its soooooooo cute!!!!!! https://t.co/5VibqIPcD6,United States,English,2015-07-03T10:38:00,2015-07-03T10:38:00,53.0000000000,58.0000000000,313.0000000000,,False
adele_brock,Artist Photoshops Amazing Tattoos onto Random Celebrities,United States,English,2015-07-03T10:39:00,2015-07-03T10:39:00,53.0000000000,58.0000000000,314.0000000000,,False
adele_brock,dogs and babies lol https://t.co/J7rzgCKFXL,United States,English,2015-07-03T10:40:00,2015-07-03T10:40:00,53.0000000000,58.0000000000,315.0000000000,,False
adele_brock,https://t.co/IQ454YpDfB childen are rly funny �,United States,English,2015-07-03T10:41:00,2015-07-03T10:41:00,53.0000000000,58.0000000000,316.0000000000,,False
adele_brock,I guess I need a lama https://t.co/dxMdfRoV4a,United States,English,2015-07-03T10:41:00,2015-07-03T10:41:00,53.0000000000,58.0000000000,317.0000000000,,False
adele_brock,"Haven't slept for a solid 83 hours, but, yea I'm good.",United States,English,2015-07-03T10:43:00,2015-07-03T10:43:00,53.0000000000,58.0000000000,318.0000000000,,False
adele_brock,"You're my ohana, and I'll always love you.",United States,English,2015-07-03T10:44:00,2015-07-03T10:44:00,53.0000000000,58.0000000000,319.0000000000,,False
adele_brock,What a sunny day!,United States,English,2015-07-03T10:44:00,2015-07-03T10:44:00,53.0000000000,58.0000000000,320.0000000000,,False
adele_brock,Pursue meaningful adventures.,United States,English,2015-07-03T10:45:00,2015-07-03T10:46:00,53.0000000000,58.0000000000,321.0000000000,,False
adele_brock,"Girls, I love you �",United States,English,2015-07-03T10:46:00,2015-07-03T10:46:00,53.0000000000,58.0000000000,323.0000000000,,False
adele_brock,"Everyone wants to lead a happy life, a meaningful life. In order to fulfil this goal our practice should be realistic.",United States,English,2015-07-03T10:46:00,2015-07-03T10:46:00,53.0000000000,58.0000000000,322.0000000000,,False
adele_brock,ummi! https://t.co/oSNJ09Hkof,United States,English,2015-07-03T10:46:00,2015-07-03T10:46:00,53.0000000000,58.0000000000,324.0000000000,,False
adele_brock,jade doesn`t love her! https://t.co/CIA0Wjv6J3,United States,English,2015-07-03T10:46:00,2015-07-03T10:47:00,53.0000000000,58.0000000000,325.0000000000,,False
adele_brock,Feces....that's some crazy shit right there.,United States,English,2015-07-03T10:47:00,2015-07-03T10:47:00,53.0000000000,58.0000000000,326.0000000000,,False
adele_brock,"Good things come to those who believe, better things come to those who work hard, and the best things come to those who never give up.",United States,English,2015-07-03T10:47:00,2015-07-03T10:47:00,53.0000000000,58.0000000000,327.0000000000,,False
adele_brock,Enjoy every moment!,United States,English,2015-07-03T10:48:00,2015-07-03T10:48:00,53.0000000000,58.0000000000,328.0000000000,,False
adele_brock,No iron can stab the heart with such force as a period put just at the right place.,United States,English,2015-07-03T10:50:00,2015-07-03T10:50:00,53.0000000000,58.0000000000,329.0000000000,,False
adele_brock,What went wrong that the Japanese started to do this? http://t.co/AJhltwkOxQ,United States,English,2015-07-03T10:51:00,2015-07-03T10:51:00,53.0000000000,58.0000000000,330.0000000000,,False
adele_brock,"Remember that wherever your heart is, there you will find your treasure.",United States,English,2015-07-03T10:52:00,2015-07-03T10:52:00,53.0000000000,58.0000000000,331.0000000000,,False
adele_brock,https://t.co/A5CjUrr66J I wish I could be as fast in the morning!,United States,English,2015-07-03T10:53:00,2015-07-03T10:53:00,53.0000000000,58.0000000000,332.0000000000,,False
adele_brock,I want to learn smth new. Guitar mb?,United States,English,2015-07-03T10:54:00,2015-07-03T10:54:00,53.0000000000,58.0000000000,334.0000000000,,False
adele_brock,Offering the very best... of me.,United States,English,2015-07-03T10:54:00,2015-07-03T10:54:00,53.0000000000,58.0000000000,333.0000000000,,False
adele_brock,Only those who dare to fail greatly can ever achieve greatly.  – Robert F. Kennedy,United States,English,2015-07-03T10:55:00,2015-07-03T10:55:00,53.0000000000,58.0000000000,337.0000000000,,False
adele_brock,Stop focusing on how stressed you are and remember how blessed you are.,United States,English,2015-07-03T10:55:00,2015-07-03T10:55:00,53.0000000000,58.0000000000,336.0000000000,,False
adele_brock,"We Greeks believe that a man who takes no part in public affairs is not merely lazy, but good for nothing  – Thucydides",United States,English,2015-07-03T10:55:00,2015-07-03T10:55:00,53.0000000000,58.0000000000,335.0000000000,,False
adele_brock,My goal is to be one with the music. I just dedicate my whole life to this art.,United States,English,2015-07-03T10:56:00,2015-07-03T10:56:00,53.0000000000,58.0000000000,339.0000000000,,False
adele_brock,"A smile is the lighting system of the face, the cooling system of the head and the heating system of the heart.",United States,English,2015-07-03T10:56:00,2015-07-03T10:56:00,53.0000000000,58.0000000000,338.0000000000,,False
adele_brock,Be selective in your battles. Sometimes peace is better than being right.,United States,English,2015-07-03T10:58:00,2015-07-03T10:58:00,53.0000000000,58.0000000000,340.0000000000,,False
adele_brock,Limits like fears are often just an illusion  – Michael Jordan,United States,English,2015-07-03T10:59:00,2015-07-03T10:59:00,53.0000000000,58.0000000000,341.0000000000,,False
adele_brock,https://t.co/fyEsnavAiA my abs go hard!,United States,English,2015-07-03T10:59:00,2015-07-03T11:00:00,53.0000000000,58.0000000000,342.0000000000,,False
adele_brock,i wish there were an emoji for pancakes �,United States,English,2015-07-03T11:01:00,2015-07-03T11:02:00,53.0000000000,58.0000000000,344.0000000000,,False
adele_brock,Love is a chain of love as nature is a chain of life.  – Truman Capote,United States,English,2015-07-03T11:01:00,2015-07-03T11:01:00,53.0000000000,58.0000000000,343.0000000000,,False
adele_brock,My sis kitten is sooo adorable!!!,United States,English,2015-07-03T11:02:00,2015-07-03T11:02:00,53.0000000000,58.0000000000,346.0000000000,,False
adele_brock,I tried every cream but nothing helps if you are ugly!,United States,English,2015-07-03T11:02:00,2015-07-03T11:02:00,53.0000000000,58.0000000000,345.0000000000,,False
adele_brock,typical girls lol http://t.co/o4Jd4YtzSX,United States,English,2015-07-03T11:05:00,2015-07-03T11:06:00,53.0000000000,58.0000000000,347.0000000000,,False
adele_brock,"The more you know who you are, and what you want, the less you let things upset you",United States,English,2015-07-03T11:06:00,2015-07-03T11:06:00,53.0000000000,58.0000000000,349.0000000000,,False
adele_brock,2⃣0⃣1⃣2⃣ was the best year! I miss it so much!,United States,English,2015-07-03T11:06:00,2015-07-03T11:06:00,53.0000000000,58.0000000000,348.0000000000,,False
adele_brock,work out without any equipment https://t.co/dsbrJc5EJs,United States,English,2015-07-03T11:11:00,2015-07-03T11:11:00,53.0000000000,58.0000000000,350.0000000000,,False
adele_brock,Someone writes 100's of Facebook status' a day = obsessed. Someone writes 100's of tweets a day = normal. #dailyteen,United States,English,2015-07-03T11:11:00,2015-07-03T11:11:00,53.0000000000,58.0000000000,352.0000000000,,False
adele_brock,Feel myself sooo tired,United States,English,2015-07-03T11:11:00,2015-07-03T11:11:00,53.0000000000,58.0000000000,351.0000000000,,False
adele_brock,"Don't be reckless with other peoples' hearts, and don't put up with people who are reckless with yours.",United States,English,2015-07-03T11:12:00,2015-07-03T11:12:00,53.0000000000,58.0000000000,353.0000000000,,False
adele_brock,I`ve always dreamt about little tiger https://t.co/kfPD6xXNCA,United States,English,2015-07-03T11:30:00,2015-07-03T11:30:00,53.0000000000,59.0000000000,354.0000000000,,False
adele_brock,"Tryna grow thin in a gym, just silly idea",United States,English,2015-07-03T11:31:00,2015-07-03T11:31:00,53.0000000000,59.0000000000,355.0000000000,,False
adele_brock,Champions have the courage to keep turning the pages because they know a better chapter lies ahead.  – Paula White,United States,English,2015-07-03T11:32:00,2015-07-03T11:32:00,53.0000000000,59.0000000000,357.0000000000,,False
adele_brock,http://t.co/TktEwn8aZ7 Kim kardashian's ice bucket challenge,United States,Farsi (Persian),2015-07-03T11:32:00,2015-07-03T11:32:00,53.0000000000,59.0000000000,356.0000000000,,False
adele_brock,"Sometimes, all you can do is laugh to keep yourself from crying.",United States,English,2015-07-03T11:35:00,2015-07-03T11:35:00,53.0000000000,59.0000000000,358.0000000000,,False
adele_brock,"The Kardashians, Prince Footfetish ahahhaha https://t.co/1ZxdxtUuvA",United States,English,2015-07-03T11:37:00,2015-07-03T11:37:00,53.0000000000,59.0000000000,359.0000000000,,False
adele_brock,"Letting go isn't a one-time thing, it's something you have to do everyday, over and over again.",United States,English,2015-07-03T11:40:00,2015-07-03T11:40:00,53.0000000000,59.0000000000,362.0000000000,,False
adele_brock,I'm never gonna become slim,United States,English,2015-07-03T11:40:00,2015-07-03T11:40:00,53.0000000000,59.0000000000,361.0000000000,,False
adele_brock,They are sooooo beautiful!! https://t.co/GugxlnAJKQ,United States,English,2015-07-03T11:40:00,2015-07-03T11:40:00,53.0000000000,59.0000000000,360.0000000000,,False
adele_brock,You are in charge of how you feel.,United States,English,2015-07-03T11:42:00,2015-07-03T11:42:00,53.0000000000,59.0000000000,364.0000000000,,False
adele_brock,"When you're weak I'll be strong, when you let go, I'll hold on.",United States,English,2015-07-03T11:42:00,2015-07-03T11:42:00,53.0000000000,59.0000000000,363.0000000000,,False
adele_brock,"By doubting we are led to question, by questioning we arrive at the truth.  – Peter Abelard",United States,English,2015-07-03T11:43:00,2015-07-03T11:43:00,53.0000000000,59.0000000000,366.0000000000,,False
adele_brock,I love men wearing suits! �❤️,United States,English,2015-07-03T11:43:00,2015-07-03T11:44:00,53.0000000000,59.0000000000,368.0000000000,,False
adele_brock,These niggaz think they shit but they aint even farted yet  – J.Cole,United States,English,2015-07-03T11:43:00,2015-07-03T11:43:00,53.0000000000,59.0000000000,365.0000000000,,False
adele_brock,Live like it's heaven on earth,United States,English,2015-07-03T11:43:00,2015-07-03T11:43:00,53.0000000000,59.0000000000,367.0000000000,,False
adele_brock,Well-read people are less likely to be evil.,United States,English,2015-07-03T11:45:00,2015-07-03T11:45:00,53.0000000000,59.0000000000,369.0000000000,,False
adele_brock,"Darling, I will be loving you 'til we're 70. And baby my heart could still fall as hard at 23.",United States,English,2015-07-03T11:45:00,2015-07-03T11:45:00,53.0000000000,59.0000000000,370.0000000000,,False
adele_brock,You can never be overdressed or overeducated,United States,English,2015-07-03T11:45:00,2015-07-03T11:46:00,53.0000000000,59.0000000000,372.0000000000,,False
adele_brock,The only reason I don't curve guys is because I have no one to curve,United States,English,2015-07-03T11:45:00,2015-07-03T11:45:00,53.0000000000,59.0000000000,371.0000000000,,False
adele_brock,your lips are drugs and I think im addicted baby,United States,English,2015-07-03T11:46:00,2015-07-03T11:46:00,53.0000000000,59.0000000000,373.0000000000,,False
adele_brock,�� ur sweet! �� https://t.co/NinVfWys9f,United States,English,2015-12-29T04:14:00,2015-12-29T04:14:00,52.0000000000,57.0000000000,374.0000000000,R,True
adele_brock,Go support @LIFECampInc and donate today. We have to make peace a LIFEstyle!   https://t.co/r9dUE9sxjE,United States,English,2015-12-29T21:54:00,2015-12-29T21:55:00,52.0000000000,57.0000000000,377.0000000000,R,True
adele_brock,"Beautiful!!!! Luv her! RT @qtimo: #KATHY  C' mon U guys,  just 1 #cameo ? #Gloria #Andersonsmom #2016 https://t.co/j56DTlnDcR",United States,English,2015-12-29T21:54:00,2015-12-29T21:55:00,52.0000000000,57.0000000000,376.0000000000,R,True
adele_brock,BUTCH IS BACK!!! Check out this sneak peek of when he got out of prison! Love ya dad @Butch_Baltierra https://t.co/3cQcjvxldM #TeenMomOG,United States,English,2015-12-29T21:54:00,2015-12-29T21:55:00,52.0000000000,57.0000000000,378.0000000000,R,True
adele_brock,It's almost time to say goodbye to 2015! Thank you for your likes and comments.... Here is my… https://t.co/2PuuqSzMoU,United States,English,2015-12-29T21:54:00,2015-12-29T21:54:00,52.0000000000,57.0000000000,375.0000000000,R,True
adele_brock,Shoot me now. � https://t.co/1o5sqGTkQT,United States,English,2015-12-29T21:55:00,2015-12-29T21:55:00,52.0000000000,57.0000000000,380.0000000000,R,True
adele_brock,Snuggled up w/ a book and my baby Bessie-Moo.. My idea of a perfect #laidback day! What’s yours? https://t.co/PffxMHhX20,United States,English,2015-12-29T21:55:00,2015-12-29T21:55:00,52.0000000000,57.0000000000,382.0000000000,R,True
adele_brock,It's time to put those #KhloéKardashian & #JamesHarden breakup rumors to rest! https://t.co/BOgBV2C3vR https://t.co/gypqO5yWAa,United States,English,2015-12-29T21:55:00,2015-12-29T21:55:00,52.0000000000,57.0000000000,379.0000000000,R,True
adele_brock,'@AshBenzo @tylerjblackburn just came in the mail today ������ https://t.co/muDfydyeV9',United States,English,2015-12-29T21:55:00,2015-12-29T21:55:00,52.0000000000,57.0000000000,381.0000000000,R,True
adele_brock,"Grease: Live! primes its engines, latest version of iconic show ready to roar ontoFox #GOPDebate #StopTheGOP",United States,English,2016-01-29T02:50:00,2016-01-29T02:51:00,52.0000000000,57.0000000000,383.0000000000,,False
adele_brock,Cruz Supporters Offer Donation to Vets if Trump Debates Him #GOPDebate #StopTheGOP,United States,English,2016-01-29T02:58:00,2016-01-29T02:58:00,52.0000000000,57.0000000000,384.0000000000,,False
adele_brock,Fox News Undercard Republican Debate: Live Coverage #GOPDebate #StopTheGOP,United States,English,2016-01-29T02:59:00,2016-01-29T03:02:00,52.0000000000,57.0000000000,385.0000000000,,False
adele_brock,Fox Sports gets Copa AmГ©rica Centenario rights #StopTheGOP  #GOPDebate,United States,English,2016-01-29T03:03:00,2016-01-29T03:04:00,52.0000000000,57.0000000000,386.0000000000,,False
adele_brock,"GOP Debate Live Stream Free: How To Watch Bush, Cruz, Rubio",United States,English,2016-01-29T03:04:00,2016-01-29T03:07:00,52.0000000000,57.0000000000,388.0000000000,,False
adele_brock,FOX Sports to air Copa America Centenario #GOPDebate #StopTheGOP,United States,English,2016-01-29T03:04:00,2016-01-29T03:08:00,52.0000000000,57.0000000000,387.0000000000,,False
adele_brock,Jeb Bushs nerdy decency #GOPDebate #StopTheGOP,United States,English,2016-01-29T03:07:00,2016-01-29T03:07:00,52.0000000000,57.0000000000,389.0000000000,,False
adele_brock,Republican Presidential Debate: 5 things to watch while Trump isnt on stage #StopTheGOP  #GOPDebate,United States,English,2016-01-29T03:18:00,2016-01-29T03:19:00,52.0000000000,57.0000000000,390.0000000000,,False
adele_brock,Ted Cruzs Father Cautions Voters To Consider Donald Trumps Past Stances On Abortion And Marriage #GOPDebate #StopTheGOP,United States,English,2016-01-29T03:22:00,2016-01-29T03:22:00,52.0000000000,57.0000000000,391.0000000000,,False
adele_brock,Ted Cruz Mega-Donors Holding Veterans Charities Hostage for Donald Trump Debate #StopTheGOP  #GOPDebate,United States,English,2016-01-29T03:23:00,2016-01-29T03:23:00,52.0000000000,57.0000000000,392.0000000000,,False
adele_brock,17 Awful Screenshots FromMike Huckabees Tragic,United States,English,2016-01-29T03:25:00,2016-01-29T03:28:00,52.0000000000,57.0000000000,393.0000000000,,False
adele_brock,HOEZO EEN AANSLAG IN BRUSSEL #prayforbrussels,United States,Dutch,2016-03-22T09:51:00,2016-03-22T09:51:00,51.0000000000,56.0000000000,394.0000000000,,False
adele_brock,"RT @Nico_VanderB: Il y a #jesuisbruxelles , #prayforbrussels mais je parie que #TousEnsemble va émerger",United States,French,2016-03-22T09:57:00,2016-03-22T09:57:00,51.0000000000,56.0000000000,395.0000000000,,False
adele_brock,"RT @MarionAltena: @achahbarmo Niemand had het beter kunnen zeggen dan jij, in deze tweet! #Zaventem #PrayForBrussels",United States,Dutch,2016-03-22T09:58:00,2016-03-22T09:58:00,51.0000000000,56.0000000000,396.0000000000,,False
adele_brock,RT @gorgeoushay_: @gorgeoushay_ #Bruxelles #PrayForBrussels,United States,English,2016-03-22T09:59:00,2016-03-22T09:59:00,51.0000000000,56.0000000000,397.0000000000,,False
adele_brock,"Tu peux même plus vivre en paix  , voyager , partir au travail ces choses tellement banales ... #PrayForBrussels",United States,French,2016-03-22T10:00:00,2016-03-22T10:00:00,51.0000000000,56.0000000000,398.0000000000,,False
adele_brock,"RT @5SOSAsia_: Friends from Belgium, please please stay safe. My thoughts and prayers are with you. Crazy world we live in now #PrayForBrus…",United States,English,2016-03-22T10:10:00,2016-03-22T10:10:00,51.0000000000,56.0000000000,399.0000000000,,False
adele_brock,RT @poppyannbayliss: #prayforBrussels,United States,English,2016-03-22T10:12:00,2016-03-22T10:12:00,51.0000000000,56.0000000000,400.0000000000,,False
adele_brock,RT @StijnVerbruggh: Kan het gewoon niet geloven  #prayforbrussels #prayforhumanity,United States,Dutch,2016-03-22T10:13:00,2016-03-22T10:14:00,51.0000000000,56.0000000000,401.0000000000,,False
adele_brock,RT @MichaelMelad88: #PrayForBrussels #Brussels  #بلجيكا https://t.co/6ED0gObpGU,United States,Arabic,2016-03-22T10:15:00,2016-03-22T10:15:00,51.0000000000,56.0000000000,402.0000000000,Q,True
adele_brock,"RT @OrgasmicJaidon: Why do we destroy ourselves I don't get it, we're destroying our own planet with things like these I'm skdjsiis #PrayFo…",United States,English,2016-03-22T10:18:00,2016-03-22T10:18:00,51.0000000000,56.0000000000,403.0000000000,,False
adele_brock,#Brussels Breaking news! Syrian refugees are terrorists! #IslamKills,United States,English,2016-03-22T18:17:00,2016-03-22T18:17:00,51.0000000000,56.0000000000,404.0000000000,,False
adele_brock,#StopIslam #IslamKills Muslim refugees are not welcome in the USA!!!,United States,English,2016-03-22T18:18:00,2016-03-22T18:18:00,51.0000000000,56.0000000000,405.0000000000,,False
adele_brock,Are we done with the #ReligionOfPeace bullshit yet? #IslamKills #islam #Brussels #trueislam #IslamKills #Brussels,United States,English,2016-03-22T18:21:00,2016-03-22T18:21:00,51.0000000000,56.0000000000,406.0000000000,,False
adele_brock,#StopIslam This was done by Islam! It's time to get your heads out of your asses! Refugees are NOT welcome!!!!!!! #IslamKills,United States,English,2016-03-22T18:28:00,2016-03-22T18:28:00,51.0000000000,56.0000000000,407.0000000000,,False
adele_brock,#IslamKills I am eager to help others from other countries but not at the cost of our own people #Brussels,United States,English,2016-03-22T18:35:00,2016-03-22T18:36:00,51.0000000000,56.0000000000,408.0000000000,,False
adele_brock,#IslamKills until there’s a solid proof the refugees are real refugees and not ISIS they mustn’t be welcomed here #Brussels,United States,English,2016-03-22T18:37:00,2016-03-22T18:37:00,51.0000000000,56.0000000000,409.0000000000,,False
adele_brock,#Brussels Refugees are NOT WELCOME! Go to Saudi-Arabia! #IslamKills,United States,English,2016-03-22T18:38:00,2016-03-22T18:38:00,51.0000000000,56.0000000000,410.0000000000,,False
adele_brock,Do you want to bring in more terrorism? Almost 70 arrested in US. Includes #Refugees. #IslamKills #Brussels,United States,English,2016-03-22T18:39:00,2016-03-22T18:39:00,51.0000000000,56.0000000000,411.0000000000,,False
adele_brock,"#IslamKills Thank you God for keeping my family, friends and myself ALIVE‼️ #PrayForBrussels",United States,English,2016-03-22T18:47:00,2016-03-22T18:47:00,51.0000000000,56.0000000000,412.0000000000,,False
adele_brock,"#StopIslam our own intelligence says they can't vet refugees, and u see what's happening in Europe? #IslamKills",United States,English,2016-03-22T18:49:00,2016-03-22T18:49:00,51.0000000000,56.0000000000,413.0000000000,,False
adele_brock,#Brussels #IslamKills Will someone please press it? #prayfortheworld #prayforbrussels https://t.co/2G9mUpWEFm,United States,English,2016-03-22T18:54:00,2016-03-22T18:54:00,51.0000000000,56.0000000000,414.0000000000,,False
adele_brock,Terror and #refugees from #syria will end fast if world works to bring #peace to ISIS free Syria ASAP #IslamKills,United States,English,2016-03-22T18:58:00,2016-03-22T18:58:00,51.0000000000,56.0000000000,415.0000000000,,False
adele_brock,"#IslamKills RT @Mjearten: Parijs, aanslagen in Turkije.. en nu ook Brussel, het blijft ook doorgaan",United States,Dutch,2016-03-22T19:02:00,2016-03-22T19:02:00,51.0000000000,56.0000000000,416.0000000000,,False
adele_brock,#StopIslam It's absurd our national government is still considering letting them come to America #IslamKills,United States,English,2016-03-22T19:03:00,2016-03-22T19:03:00,51.0000000000,56.0000000000,417.0000000000,,False
adele_brock,"#IslamKills .@POTUS, are you dense? #America is #WeThePeople, not #Obama the #Dictator! #StopIslam",United States,English,2016-03-22T19:04:00,2016-03-22T19:04:00,51.0000000000,56.0000000000,418.0000000000,,False
adele_brock,#Brussels #IslamKills the Syrians who want to enter the US don’t look like suffering people,United States,English,2016-03-22T19:04:00,2016-03-22T19:04:00,51.0000000000,56.0000000000,419.0000000000,,False
adele_brock,#Brussels Muslim Uber driver charged with raping woman https://t.co/URRcL73XI7 via @worldnetdaily #IslamKills #IslamKills,United States,English,2016-03-22T19:05:00,2016-03-22T19:05:00,51.0000000000,56.0000000000,420.0000000000,,False
adele_brock,#StopIslam #IslamKills Almost any Muslim can be radicalized all it takes is a tweet,United States,English,2016-03-22T19:06:00,2016-03-22T19:06:00,51.0000000000,56.0000000000,422.0000000000,,False
adele_brock,take care of all the homeless kids in the U.S.A. if you want to be charitable #IslamKills #Brussels,United States,English,2016-03-22T19:06:00,2016-03-22T19:06:00,51.0000000000,56.0000000000,421.0000000000,,False
adele_brock,#IslamKills #prayforbrussels – traurig #Brussels,United States,English,2016-03-22T19:08:00,2016-03-22T19:08:00,51.0000000000,56.0000000000,423.0000000000,,False
adele_brock,#Brussels Maybe we need a special hashtag for those who feel the Syrian Refugees are not welcome.. #IslamKills,United States,English,2016-03-22T19:08:00,2016-03-22T19:08:00,51.0000000000,56.0000000000,424.0000000000,,False
